START,STOP,FREQ,REF,ALT,VARIANT
14408,14408,0.999135637,C,T,Omicron
23403,23403,0.998636721,A,G,Omicron
23525,23525,0.998573165,C,T,Omicron
23599,23599,0.998178323,T,G,Omicron
25584,25584,0.998087755,C,T,Omicron
25469,25469,0.997506447,C,T,Delta
3037,3037,0.997495889,C,T,Omicron
23604,23604,0.99742921,C,G,Delta
26767,26767,0.997221729,T,C,Delta
27259,27259,0.996676015,A,C,Omicron
10029,10029,0.996351878,C,T,Omicron
28881,28881,0.99595741,G,T,Delta
24469,24469,0.995679772,T,A,Omicron
26270,26270,0.994603291,C,T,Omicron
21618,21618,0.994020925,C,G,Delta
16466,16466,0.993793,C,T,Delta
28883,28883,0.992798297,G,C,Omicron
28882,28882,0.99247416,G,A,Omicron
24424,24424,0.992394715,A,T,Omicron
27807,27807,0.992289848,C,T,Omicron
29402,29402,0.989515417,G,T,Delta
23948,23948,0.989355144,G,T,Omicron
10449,10449,0.988196039,C,A,Omicron
22995,22995,0.987830331,C,A,Delta
22917,22917,0.986265898,T,G,Delta
15451,15451,0.984527806,G,A,Delta
25000,25000,0.983090099,C,T,Omicron
28271,28271,0.980818762,A,T,Omicron
26709,26709,0.980682911,G,A,Omicron
28311,28311,0.980224512,C,T,Omicron
28461,28461,0.977992421,A,G,Delta
241,241,0.977423995,C,T,Delta
11288,11288,0.977192885,T,-,Omicron
11289,11289,0.97642465,C,-,Omicron
11290,11290,0.975831989,T,-,Omicron
27752,27752,0.974986982,C,T,Delta
11291,11291,0.97491837,G,-,Omicron
28249,28249,0.969813851,A,-,Delta
28250,28250,0.969386017,T,-,Delta
28251,28251,0.969115686,T,-,Delta
28248,28248,0.968724199,G,-,Delta
210,210,0.968538173,G,T,Delta
28252,28252,0.968097466,T,-,Delta
28253,28253,0.967872822,C,-,Delta
18163,18163,0.967502165,A,G,Omicron
28365,28365,0.963601408,A,-,Omicron
28367,28367,0.963563274,C,-,Omicron
28366,28366,0.963556918,A,-,Omicron
28368,28368,0.963425834,G,-,Omicron
28369,28369,0.963406767,C,-,Omicron
28363,28363,0.963377372,A,-,Omicron
28364,28364,0.963274888,G,-,Omicron
24410,24410,0.957709808,G,A,Delta
26577,26577,0.957186211,C,G,Omicron
27638,27638,0.956583557,T,C,Delta
28370,28370,0.955788771,A,-,Omicron
28362,28362,0.952818317,G,-,Omicron
22029,22029,0.943612237,A,-,Delta
22031,22031,0.943338372,T,-,Delta
22032,22032,0.943236399,T,-,Delta
22033,22033,0.943205352,C,-,Delta
22028,22028,0.943054159,G,-,Delta
22030,22030,0.942984999,G,-,Delta
22034,22034,0.942627587,A,G,Delta
22578,22578,0.941163713,G,A,Omicron
29742,29742,0.926820194,G,T,Delta
5386,5386,0.926150167,T,G,Omicron
11537,11537,0.926094556,A,G,Omicron
13195,13195,0.925425627,T,C,Omicron
23202,23202,0.924216472,C,A,Omicron
15240,15240,0.923654,C,T,Omicron
8393,8393,0.923253597,G,A,Omicron
24130,24130,0.922473445,C,A,Omicron
24503,24503,0.922332033,C,T,Omicron
21762,21762,0.918817379,C,T,Omicron
23040,23040,0.918799901,A,G,Omicron
2832,2832,0.914021275,A,G,Omicron
11287,11287,0.913724945,G,-,Omicron
22992,22992,0.913107656,G,A,Omicron
6513,6513,0.912085197,G,-,Omicron
6514,6514,0.912018463,T,-,Omicron
6515,6515,0.911977946,T,-,Omicron
23013,23013,0.91129154,A,C,Omicron
11286,11286,0.91015468,T,-,Omicron
11285,11285,0.910087946,T,-,Omicron
11284,11284,0.909982284,T,-,Omicron
11283,11283,0.909932233,G,-,Omicron
21767,21767,0.907065058,C,-,Omicron
21768,21768,0.906860089,A,-,Omicron
21769,21769,0.906850556,T,-,Omicron
23063,23063,0.906560581,A,T,Omicron
21770,21770,0.906493053,G,-,Omicron
21771,21771,0.906341312,T,-,Omicron
23075,23075,0.906029887,T,C,Omicron
8986,8986,0.904873193,C,T,Delta
21846,21846,0.904673758,C,T,Omicron
21766,21766,0.90446879,A,C,Omicron
21772,21772,0.904459257,C,-,Omicron
19220,19220,0.90228322,C,T,Delta
23055,23055,0.902163292,A,G,Omicron
11201,11201,0.901904858,A,G,Delta
9053,9053,0.901338199,G,T,Delta
28916,28916,0.898521815,G,T,Delta
23854,23854,0.897814464,C,A,Omicron
4181,4181,0.897759538,G,T,Delta
11332,11332,0.896777413,A,G,Delta
21989,21989,0.892045951,G,-,Omicron
22686,22686,0.891952206,C,T,Omicron
21990,21990,0.891755182,T,-,Omicron
21991,21991,0.891701159,T,-,Omicron
21992,21992,0.891684476,T,-,Omicron
21993,21993,0.891671764,A,-,Omicron
22679,22679,0.891659053,T,C,Omicron
21994,21994,0.891645547,T,-,Omicron
21988,21988,0.891585964,T,-,Omicron
21987,21987,0.89156928,G,-,Omicron
21986,21986,0.890937691,G,-,Omicron
27874,27874,0.890373786,C,T,Delta
21995,21995,0.890078889,T,G,Omicron
7124,7124,0.88973519,C,T,Delta
6402,6402,0.889330073,C,T,Delta
22674,22674,0.888154727,C,T,Omicron
26530,26530,0.870540148,A,G,Omicron
23048,23048,0.847217433,G,A,Omicron
22195,22195,0.840519412,T,-,Omicron
22194,22194,0.840518618,A,-,Omicron
22193,22193,0.838811342,A,-,Omicron
22196,22196,0.836815679,T,A,Omicron
22673,22673,0.816138489,T,C,Omicron
22882,22882,0.672602544,T,G,Omicron
22813,22813,0.642844772,G,T,Omicron
22898,22898,0.61663661,G,A,Omicron
22599,22599,0.362618671,G,A,Omicron
2470,2470,0.348620435,C,T,Omicron
7851,7851,0.250502232,C,T,Delta
5924,5924,0.146894092,G,A,Omicron
21595,21595,0.14025486,C,T,Omicron
17040,17040,0.119850564,T,C,Delta
23664,23664,0.106292851,C,T,Omicron
22227,22227,0.103079471,C,T,Delta
25708,25708,0.101801022,C,T,Omicron
10135,10135,0.101352157,T,C,Omicron
29301,29301,0.100855624,A,G,Omicron
3241,3241,0.09528493,C,T,Omicron
5184,5184,0.092683483,C,T,Delta
9891,9891,0.088031577,C,T,Delta
11418,11418,0.087212509,T,C,Delta
29632,29632,0.085800767,C,T,Omicron
27384,27384,0.084516934,T,C,Omicron
27382,27382,0.074139013,G,C,Omicron
27383,27383,0.073909417,A,T,Omicron
12880,12880,0.073835533,C,T,Omicron
26060,26060,0.073314372,C,T,Omicron
17410,17410,0.073287361,C,T,Omicron
15714,15714,0.072892519,C,T,Omicron
4184,4184,0.072693906,G,A,Omicron
10447,10447,0.072622405,G,A,Omicron
26858,26858,0.072572355,C,T,Omicron
4321,4321,0.072479404,C,T,Omicron
9344,9344,0.072454776,C,T,Omicron
9534,9534,0.072428559,C,T,Omicron
29510,29510,0.072419026,A,C,Omicron
670,670,0.07226808,T,G,Omicron
2790,2790,0.072203729,C,T,Omicron
22200,22200,0.072117928,T,G,Omicron
22775,22775,0.071904221,G,A,Omicron
17236,17236,0.071889489,A,G,Delta
9424,9424,0.071651585,A,G,Omicron
9866,9866,0.071363199,C,T,Omicron
15952,15952,0.071033316,C,A,Delta
22688,22688,0.070939757,A,G,Omicron
22786,22786,0.070810261,A,C,Omicron
28299,28299,0.070383867,A,T,Delta
11514,11514,0.070341967,C,T,Delta
19955,19955,0.069790185,C,T,Omicron
20055,20055,0.068600097,A,G,Omicron
24208,24208,0.068508969,C,T,Delta
11292,11292,0.066824498,G,-,Omicron
11293,11293,0.066678319,T,-,Omicron
11294,11294,0.066674346,T,-,Omicron
11295,11295,0.066562329,T,-,Omicron
11296,11296,0.066554384,T,-,Omicron
21635,21635,0.066360538,C,-,Omicron
21641,21641,0.066316049,G,T,Omicron
21636,21636,0.066313665,C,-,Omicron
21637,21637,0.066313665,C,-,Omicron
21633,21633,0.066299365,T,-,Omicron
21634,21634,0.066298571,A,-,Omicron
21632,21632,0.066297776,T,-,Omicron
21638,21638,0.066296982,C,-,Omicron
21639,21639,0.066294599,C,-,Omicron
21640,21640,0.066183375,T,-,Omicron
5584,5584,0.06581046,A,G,Delta
10198,10198,0.065400841,C,T,Omicron
13019,13019,0.06517035,C,T,Delta
26107,26107,0.063786137,G,C,Delta
27507,27507,0.063070556,A,C,Delta
6040,6040,0.058819476,C,T,Delta
29700,29700,0.058597608,A,G,Delta
14014,14014,0.057315368,T,G,Delta
18744,18744,0.054347538,C,T,Delta
7926,7926,0.052269956,C,T,Delta
1048,1048,0.049485375,G,T,Delta
15521,15521,0.048117316,T,A,Delta
22792,22792,0.045551469,C,T,Omicron
29509,29509,0.042691775,C,T,Delta
29050,29050,0.04230887,G,A,Delta
11456,11456,0.042211945,A,G,Delta
16726,16726,0.040159351,C,T,Delta
5515,5515,0.03771341,G,T,Omicron
29748,29748,0.037283611,T,-,Omicron
29747,29747,0.037262956,G,-,Omicron
29757,29757,0.03724945,G,-,Omicron
29740,29740,0.037216083,A,-,Omicron
29758,29758,0.037215288,T,-,Omicron
29746,29746,0.037205755,A,-,Omicron
29756,29756,0.037205755,A,-,Omicron
29739,29739,0.03719066,C,-,Omicron
29738,29738,0.037180333,C,-,Omicron
29745,29745,0.03716921,G,-,Omicron
29741,29741,0.037158088,C,-,Omicron
29744,29744,0.037156499,G,-,Omicron
29743,29743,0.037150143,C,-,Omicron
29750,29750,0.037075465,C,-,Omicron
29751,29751,0.037070698,G,-,Omicron
29753,29753,0.03706037,T,-,Omicron
29752,29752,0.037054015,A,-,Omicron
25614,25614,0.037049162,C,T,Delta
29754,29754,0.037036537,C,-,Omicron
29749,29749,0.037012703,A,-,Omicron
29755,29755,0.036999198,G,-,Omicron
29759,29759,0.036885591,G,-,Omicron
29737,29737,0.03672829,G,-,Omicron
29736,29736,0.036418454,G,-,Omicron
29735,29735,0.036276247,A,-,Omicron
29734,29734,0.036216663,G,-,Omicron
27527,27527,0.034014696,C,T,Delta
11562,11562,0.032465911,G,T,Delta
8835,8835,0.032024952,T,Y,Delta
3948,3948,0.029622267,A,G,Delta
6638,6638,0.028970546,C,T,Delta
27291,27291,0.028874378,T,C,Delta
29870,29870,0.028631307,C,A,Delta
21,21,0.028477116,C,T,Omicron
28073,28073,0.027941472,G,T,Delta
25339,25339,0.027792046,C,T,Delta
11083,11083,0.027037342,G,T,Delta
23284,23284,0.027032546,T,C,Delta
24803,24803,0.025005363,A,G,Omicron
1191,1191,0.024719466,C,T,Delta
5239,5239,0.024452417,C,T,Delta
5730,5730,0.024330079,C,T,Omicron
1267,1267,0.023850673,C,T,Delta
21372,21372,0.02341249,G,T,Delta
5514,5514,0.023291081,T,C,Delta
9559,9559,0.022632292,C,T,Delta
17122,17122,0.021941448,G,T,Delta
27604,27604,0.021918983,G,A,Delta
4237,4237,0.021583279,T,C,Delta
28007,28007,0.021432085,T,C,Delta
19524,19524,0.02137706,C,T,Delta
29868,29868,0.020444407,G,A,Delta
29867,29867,0.019790162,T,A,Delta
29864,29864,0.019618776,G,A,Delta
29862,29862,0.019438808,G,A,Delta
29861,29861,0.019357027,G,A,Delta
526,526,0.019262626,G,T,Delta
20262,20262,0.018877449,A,G,Delta
16064,16064,0.018733962,A,G,Omicron
25352,25352,0.018617215,G,T,Delta
518,518,0.018393142,A,-,Omicron
21897,21897,0.018066963,C,T,Delta
11950,11950,0.017968111,C,T,Omicron
26522,26522,0.017957783,C,T,Omicron
12946,12946,0.017842823,T,C,Delta
27739,27739,0.017825407,C,T,Delta
516,516,0.017515448,T,-,Delta
20418,20418,0.017290444,A,G,Omicron
28472,28472,0.017140292,C,T,Omicron
18585,18585,0.017139498,A,C,Omicron
29253,29253,0.017122951,C,T,Delta
24928,24928,0.016971758,G,T,Delta
515,515,0.016551244,G,-,Delta
27608,27608,0.016020427,A,-,Delta
27609,27609,0.016008564,A,-,Delta
27610,27610,0.016003516,C,-,Delta
27607,27607,0.016002001,A,-,Delta
21137,21137,0.015964645,A,G,Delta
27611,27611,0.015912901,A,-,Delta
27612,27612,0.015900028,C,-,Delta
27613,27613,0.015895989,G,-,Delta
27614,27614,0.015885388,T,-,Delta
25855,25855,0.015873936,G,T,Omicron
27615,27615,0.015862924,C,-,Delta
517,517,0.015857253,T,-,Omicron
27616,27616,0.015813704,T,-,Delta
10323,10323,0.015711478,A,G,Delta
27617,27617,0.015710973,A,-,Delta
1820,1820,0.015542616,G,A,Delta
27619,27619,0.015514346,C,-,Delta
27618,27618,0.015514094,T,-,Delta
20937,20937,0.015252597,G,T,Delta
5365,5365,0.014707141,C,T,Delta
10977,10977,0.014599867,C,T,Delta
21575,21575,0.014423685,C,T,Delta
14940,14940,0.014177782,A,G,Omicron
519,519,0.014010153,T,-,Omicron
24872,24872,0.013999889,G,T,Delta
520,520,0.013956925,G,-,Omicron
18086,18086,0.013797962,C,T,Delta
5672,5672,0.013776584,C,T,Omicron
27579,27579,0.01356524,A,-,Delta
18176,18176,0.013521574,C,T,Delta
27580,27580,0.013486489,T,-,Delta
22801,22801,0.013266135,G,T,Delta
27581,27581,0.013076071,T,-,Delta
27621,27621,0.013023822,G,-,Delta
27620,27620,0.012999086,A,-,Delta
25624,25624,0.012967833,C,T,Omicron
2902,2902,0.012924138,C,T,Omicron
514,514,0.012890045,T,-,Delta
19217,19217,0.012858993,C,M,Omicron
19214,19214,0.012824831,A,R,Omicron
19210,19210,0.01281927,A,R,Omicron
19212,19212,0.012809737,A,R,Omicron
19209,19209,0.012736647,T,K,Omicron
28170,28170,0.012711339,C,T,Delta
28432,28432,0.012681303,C,T,Delta
23401,23401,0.012603308,G,T,Delta
27577,27577,0.012512441,C,-,Delta
27576,27576,0.012412486,T,-,Delta
27575,27575,0.012294106,C,-,Delta
27578,27578,0.012276185,A,-,Delta
27574,27574,0.01227139,A,-,Delta
27573,27573,0.012257255,C,-,Delta
27572,27572,0.012196676,G,-,Delta
27571,27571,0.012086121,A,-,Delta
28877,28877,0.012042297,A,T,Omicron
27622,27622,0.012001564,T,-,Delta
19006,19006,0.011969256,G,T,Delta
27623,27623,0.011876621,T,-,Delta
27570,27570,0.011780201,T,-,Delta
14030,14030,0.011713565,G,A,Delta
8829,8829,0.011591651,C,T,Delta
1729,1729,0.011558838,G,A,Delta
27569,27569,0.011541169,T,-,Delta
1684,1684,0.011512394,C,T,Delta
27582,27582,0.011495988,T,-,Delta
28878,28878,0.011448841,G,C,Omicron
27583,27583,0.011285478,G,-,Delta
27568,27568,0.011275382,T,-,Delta
27584,27584,0.011257461,C,-,Delta
14925,14925,0.011232725,C,T,Delta
15720,15720,0.011228181,C,T,Delta
6408,6408,0.011147158,C,T,Delta
27585,27585,0.011145391,T,-,Delta
12801,12801,0.011122927,G,A,Delta
25702,25702,0.011028526,C,T,Delta
27588,27588,0.011025244,T,-,Delta
27593,27593,0.011020448,G,-,Delta
27592,27592,0.011017924,T,-,Delta
27591,27591,0.011013633,T,-,Delta
27589,27589,0.010981325,G,-,Delta
27586,27586,0.01094523,T,-,Delta
27605,27605,0.010929329,T,-,Delta
2518,2518,0.010921756,G,T,Delta
27590,27590,0.010913679,C,-,Delta
27594,27594,0.01087077,T,-,Delta
27606,27606,0.010861431,A,-,Delta
27595,27595,0.010857392,C,-,Delta
27596,27596,0.010846034,C,-,Delta
27597,27597,0.010833413,T,-,Delta
27598,27598,0.010829122,G,-,Delta
27603,27603,0.010801609,C,-,Delta
27602,27602,0.010797571,G,-,Delta
6661,6661,0.010789241,T,C,Delta
27599,27599,0.010788737,A,-,Delta
27601,27601,0.010788737,G,-,Delta
27600,27600,0.010788232,C,-,Delta
28086,28086,0.010770563,G,T,Delta
28326,28326,0.010725129,G,T,Delta
13482,13482,0.010686511,A,G,Delta
27345,27345,0.010682472,A,T,Delta
27005,27005,0.010637291,C,T,Delta
28895,28895,0.010583528,G,T,Delta
25886,25886,0.010573356,C,T,Omicron
12049,12049,0.01053658,C,T,Delta
27567,27567,0.010487107,C,-,Delta
27566,27566,0.010478273,G,-,Delta
27565,27565,0.010430568,T,-,Delta
27564,27564,0.010421733,T,-,Delta
25202,25202,0.010366708,T,K,Delta
510,510,0.010325487,G,-,Omicron
27587,27587,0.010309411,T,-,Delta
18360,18360,0.010131715,A,G,Delta
513,513,0.010090329,A,-,Omicron
511,511,0.010056168,T,-,Omicron